Designator,Footprint,Quantity,Value,LCSC Part #
"C201, C202, C410, C412",0402,4,12pF,C1547
"C203, C205, C206, C208, C209, C210, C211, C213, C214, C217, C301, C403, C406, C408, C409, C411, C414, C506",0402,18,100nF,C1525
"C204, C405, C413",0603,3,4.7uF,C19666
"C207, C212, C326, C402, C504",0402,5,1uF,C52923
"C215, C216",0402,2,2.2uF,C12530
"C302, C303, C407, C501, C502, C505, C518, C520, C521",0805,9,10uF,C440198
"C304, C305, C306, C404",0402,4,470pF,C1537
"C307, C308, C315, C316, C319, C321, C325",0603,7,1uF,C15849
"C309, C310, C311, C312, C313, C314, C317, C318, C320",0402,9,1nF,C1523
"C322, C323, C324",CP_Elec_10x10,3,220uF,C79124
C503,0402,1,10nF,C15195
C507,0603,1,2.2nF,C1604
"C508, C509, C514, C515, C519, C522",0603,6,100nF,C14663
C510,0402,1,100pF,C1546
"C511, C512, C513, C516, C517",0603,5,10uF,C96446
"C523, C524",0805,2,22uF,C59461
CON201,CON-TAG-CONNECT_TC2050-IDC,1,TC2050-FP,
CON202,CON-GEN-USB_C-16P,1,G Switch GT USB 7010ASV,C2988369
CON401,CON-RJ45-HR911105A-H,1,CON-RJ45-HR913550A,C163507
"CON402, CON403",CON-SM04B-ZESS-TB,2,SM04B-ZESS-TB,
CON501,AMASS_XT60-M_1x02_P7.20mm_Vertical,1,XT60-M,
D201,SOT-23-6,1,USBLC6-2,C7519
"D202, D501, D502",D_SOD-323,3,1N5819WS,C191023
"FID101, FID102, FID103, FID104",PCB-FID-JLCPCB,4,Fiducal-JLCPPCB,
IC201,LQFP-100_14x14mm_P0.5mm,1,STM32H750VB,C2969869
IC202,SOIC-8_5.3x5.3mm_P1.27mm,1,W25Q128JVSIQ,
IC301,Texas_PHP0048E_HTQFP-48-1EP_7x7mm_P0.5mm_EP6.5x6.5mm_Mask3.62x3.62mm_ThermalVias,1,DRV8334,
IC401,SOIC-14_3.9x8.7mm_P1.27mm,1,IC-LOGIC-TJA1043T,C140826
IC501,SOIC-8_3.9x4.9mm_P1.27mm,1,TPS5405,C488409
IC502,SOT-23-5,1,TPS7A0333,C2873330
IC503,SOT-23-6,1,LM74700,C2941042
IC504,SOT-563,1,TPS62A01AD,C5181455
J1,PinHeader_2x06_P2.54mm_Vertical,1,Conn_02x06_Odd_Even,
J201,PinHeader_2x07_P2.54mm_Vertical,1,Conn_02x07_Odd_Even,
J301,CON-01x03-10-AWG,1,Conn_01x03,
"L201, L401",0603,2,FB-BLM18PG121SN1,C14709
L501,L_SXN_SMNR4020,1,10uH,    C135263
L502,L_Coilcraft_XAL7030-102,1,1uH,C19191626
L503,1008,1,1uH,C435392
"MH101, MH102, MH103, MH104",MountingHole_3.2mm_M3_Pad_Via,4,~,
"R201, R412",0402,2,47,C25118
"R202, R301, R330, R401, R402, R403, R407",0402,7,10k,C25744
"R203, R204",0402,2,5k1,C25905
"R302, R303, R304, R310, R313, R318, R319, R324, R325, R332",0402,10,0,C17168
"R305, R306, R307, R308, R311, R312",0402,6,10,C25077
"R309, R317, R323",0603,3,4.7,C23164
"R314, R315, R320, R321, R326, R327, R501",0402,7,100k,C25741
"R316, R322, R328",R-SH-1216_flip,3,1m,
R329,0603,1,10k,C142556
"R331, R503, R504",0402,3,200k,C25764
"R404, R405, R406, R409, R410, R411",0402,6,100,C25076
R408,0402,1,2k,C4109
"R413, R414",0402,2,60.4,C60310
R415,0402,1,12.1k,C25852
"R416, R418",0402,2,330,C25104
"R417, R419, R420, R421",0402,4,49.9,C25120
"R422, R424, R426, R428, R429",0402,5,4k7,C25900
"R502, R505",0402,2,47k,C25792
"SW201, SW202",SW-PUSH-DPST-XKS-TS-1187A,2,SW-GEN-TS-1187A,C318884
"T301, T302, T303, T304, T305, T306, T501",T-MOSN-LHDSO-10-1,7,IAUCN04S6N017T,
"TP301, TP308, TP309, TP310, TP501, TP502, TP503, TP504, TP505, TP507, TP508",TP_THT_D0.8mm,11,Testpoint-BASE,
"TP302, TP303, TP304, TP305, TP306, TP307, TP401, TP402",TP_Pad_D0.9mm,8,TP,
U401,VQFN-24-1EP_4x4mm_P0.5mm_EP2.5x2.5mm_ThermalVias,1,IC-LOGIC-LAN8720A,C621425
X201,Crystal_SMD_3225-4Pin_3.2x2.5mm,1,16MHz,C12668
X401,Crystal_SMD_3225-4Pin_3.2x2.5mm,1,25MHz,C9006
