Designator,Mid X,Mid Y,Rotation,Layer
C201,145.975,-91.8,90.0,top
C202,144.975,-93.8,270.0,top
C203,148.6125,-84.755,90.0,top
C204,168.075,-84.52,0.0,top
C205,149.575,-89.32,180.0,top
C206,152.475,-84.52,90.0,top
C207,149.775,-95.5,90.0,top
C208,149.445,-91.26,90.0,top
C209,148.775,-95.5,90.0,top
C210,153.04,-102.12,180.0,top
C211,166.4,-101.06,270.0,top
C212,148.775,-97.4,270.0,top
C213,167.775,-85.82,0.0,top
C214,149.775,-97.4,270.0,top
C215,169.57,-87.31,90.0,top
C216,165.91,-102.49,0.0,top
C217,182.415,-95.8775,90.0,top
C301,119.72,-101.81,0.0,top
C302,127.765,-96.24,0.0,top
C303,127.745,-98.28,0.0,top
C304,142.91,-97.51,270.0,top
C305,147.49,-100.71,270.0,top
C306,147.445,-102.711,270.0,top
C307,123.955,-97.43,180.0,top
C308,126.455,-93.69,270.0,top
C309,108.575,-93.08,270.0,top
C310,107.575,-94.04,270.0,top
C311,108.565,-98.78,270.0,top
C312,107.575,-99.77,270.0,top
C313,107.575,-92.13,90.0,top
C314,107.575,-97.86,90.0,top
C315,124.485,-92.34,90.0,top
C316,122.925,-92.33,90.0,top
C317,107.575,-95.94,270.0,top
C318,106.565,-96.9,270.0,top
C319,125.375,-87.15,270.0,top
C320,106.565,-94.99,90.0,top
C321,114.685,-87.12,270.0,top
C322,116.255,-79.62,0.0,top
C323,130.0,-79.63,0.0,top
C324,102.965,-79.64,0.0,top
C325,109.645,-87.12,270.0,top
C326,145.27,-87.86,90.0,top
C402,160.42,-111.71,180.0,top
C403,160.73,-116.21,90.0,top
C404,160.42,-112.69,180.0,top
C405,170.35,-124.6,270.0,top
C406,167.37,-118.705,270.0,top
C407,165.554999,-68.66,270.0,top
C408,167.42,-114.475,0.0,top
C409,157.837499,-73.065,180.0,top
C410,162.4325,-111.6725,180.0,top
C411,161.027499,-74.195,270.0,top
C412,165.4325,-111.6725,0.0,top
C413,160.487499,-63.125,0.0,top
C414,171.91,-116.59,180.0,top
C501,120.275,-115.36,0.0,top
C502,120.275,-113.26,0.0,top
C503,119.585,-121.77,270.0,top
C504,133.22,-97.7875,0.0,top
C505,101.075,-119.46,270.0,top
C506,125.865,-116.09,0.0,top
C507,130.285,-119.39,180.0,top
C508,102.975,-119.46,270.0,top
C509,104.575,-119.46,270.0,top
C510,128.185,-119.59,90.0,top
C511,126.75,-112.75,180.0,top
C512,133.88,-92.2875,180.0,top
C513,126.775,-111.25,180.0,top
C514,109.375,-116.0,270.0,top
C515,110.975,-116.0,270.0,top
C516,134.27,-115.41,0.0,top
C517,134.27,-113.89,0.0,top
C518,113.575,-120.0,180.0,top
C519,134.28,-116.93,0.0,top
C520,120.25,-109.06,0.0,top
C521,120.25,-111.16,0.0,top
C522,119.285,-117.94,90.0,top
C523,139.23,-121.28,180.0,top
C524,139.23,-116.48,180.0,top
CON201,175.505,-70.48,270.0,top
CON202,186.5075,-83.08,90.0,top
CON401,181.84,-116.225,90.0,top
CON402,164.433499,-58.063,180.0,top
CON403,151.483499,-58.058,180.0,top
CON501,95.275,-119.86,90.0,top
D201,177.79,-83.25,180.0,top
D202,178.24,-80.32,0.0,top
D501,125.29,-114.58,180.0,top
D502,130.0,-112.75,180.0,top
FID101,180.35,-57.42,0.0,top
FID102,179.59,-129.13,0.0,top
FID103,100.03,-54.41,0.0,top
FID104,109.95,-129.49,0.0,top
IC201,159.45,-92.82,270.0,top
IC202,178.71,-92.79,180.0,top
IC301,116.845,-96.12,0.0,top
IC401,159.754999,-68.76,0.0,top
IC501,123.885,-119.39,270.0,top
IC502,133.7,-95.1875,270.0,top
IC503,113.575,-116.36,270.0,top
IC504,135.78,-118.88,180.0,top
J1,186.57,-97.16,0.0,top
J201,141.675,-61.46,180.0,top
J301,115.715,-54.5075,180.0,top
L201,146.675,-96.9,0.0,top
L401,171.86,-124.6,90.0,top
L501,129.835,-115.955,90.0,top
L502,104.275,-113.46,90.0,top
L503,139.1,-118.88,0.0,top
R201,146.475,-93.3,0.0,top
R202,148.6,-75.15,270.0,top
R203,181.8,-84.34,180.0,top
R204,181.83,-81.33,180.0,top
R301,139.655,-102.58,270.0,top
R302,141.49,-97.07,0.0,top
R303,146.05,-100.23,0.0,top
R304,146.025,-102.231,0.0,top
R305,106.105,-92.54,180.0,top
R306,106.105,-93.57,180.0,top
R307,106.075,-98.35,180.0,top
R308,106.075,-99.37,180.0,top
R309,126.915,-87.15,90.0,top
R310,121.955,-87.67,270.0,top
R311,105.095,-95.46,180.0,top
R312,105.095,-96.47,180.0,top
R313,122.995,-87.67,90.0,top
R314,123.995,-87.69,270.0,top
R315,120.915,-87.695,270.0,top
R316,126.605,-72.13,90.0,top
R317,113.145,-87.11,90.0,top
R318,118.085,-87.65,270.0,top
R319,117.085,-87.66,90.0,top
R320,116.075,-87.65,270.0,top
R321,119.095,-87.65,270.0,top
R322,112.855,-72.12,90.0,top
R323,111.195,-87.12,90.0,top
R324,106.165,-87.66,270.0,top
R325,107.185,-87.66,90.0,top
R326,108.185,-87.66,270.0,top
R327,105.125,-87.65,270.0,top
R328,99.5325,-72.14,90.0,top
R329,135.785,-66.48,90.0,top
R330,142.36,-87.79,270.0,top
R331,143.82,-87.29,0.0,top
R332,143.82,-88.3,180.0,top
R401,164.954999,-65.76,270.0,top
R402,161.777499,-64.375,180.0,top
R403,154.554999,-65.76,90.0,top
R404,166.43,-121.06,90.0,top
R405,156.95,-105.45,270.0,top
R406,157.39,-118.76,0.0,top
R407,162.807499,-73.165,0.0,top
R408,151.0,-99.75,180.0,top
R409,165.37,-121.07,90.0,top
R410,158.29,-114.78,0.0,top
R411,159.3,-116.76,180.0,top
R412,163.9325,-112.1725,270.0,top
R413,156.707499,-64.465,180.0,top
R414,158.987499,-64.465,180.0,top
R415,167.81,-115.485,0.0,top
R416,188.24,-107.065,0.0,top
R417,171.26,-118.355,270.0,top
R418,188.19,-125.37,0.0,top
R419,172.34,-120.085,90.0,top
R420,171.29,-113.195,270.0,top
R421,172.39,-115.005,90.0,top
R422,157.39,-115.76,0.0,top
R424,158.3,-113.78,0.0,top
R426,156.51,-119.76,0.0,top
R428,157.38,-116.76,0.0,top
R429,157.38,-117.77,180.0,top
R502,132.385,-119.59,90.0,top
R503,133.995,-118.91,270.0,top
R504,137.0,-121.31,90.0,top
R505,135.5,-120.9,180.0,top
SW201,144.3125,-83.355,0.0,top
SW202,144.31,-76.52,180.0,top
T301,132.325,-65.23,180.0,top
T302,126.725,-65.23,0.0,top
T303,118.675,-65.22,180.0,top
T304,112.875,-65.22,0.0,top
T305,105.12,-65.24,180.0,top
T306,99.52,-65.24,0.0,top
T501,113.475,-111.06,270.0,top
TP301,116.88,-120.74,0.0,top
TP308,126.415,-58.36,90.0,top
TP309,115.675,-59.42,90.0,top
TP310,105.365,-58.22,90.0,top
TP501,98.6,-129.0,0.0,top
TP502,107.25,-119.25,0.0,top
TP503,123.225,-112.21,0.0,top
TP504,136.56,-92.28,90.0,top
TP505,132.75,-112.0,0.0,top
TP507,110.02,-106.96,0.0,top
TP508,140.19,-114.37,0.0,top
U401,164.18,-116.8525,270.0,top
X201,142.675,-92.6,270.0,top
X401,163.6025,-109.3825,0.0,top
