Register_Index,Sensor_Angle_Deg,EEPROM_Correction_Deg
0,0.0,0.000404
1,11.25,-2.431294
2,22.5,-5.089021
3,33.75,-8.636107
4,45.0,-11.983723
5,56.25,-15.152644
6,67.5,-18.250239
7,78.75,-20.732734
8,90.0,-21.619773
9,101.25,-20.150077
10,112.5,-16.291087
11,123.75,-10.822303
12,135.0,-5.028875
13,146.25,-0.220283
14,157.5,2.687999
15,168.75,3.375851
16,180.0,2.072639
17,191.25,-0.660724
18,202.5,-4.194493
19,213.75,-8.019444
20,225.0,-11.800608
21,236.25,-15.30694
22,247.5,-18.288365
23,258.75,-20.393309
24,270.0,-21.194315
25,281.25,-20.32789
26,292.5,-17.686035
27,303.75,-13.558797
28,315.0,-8.648572
29,326.25,-3.951602
30,337.5,-0.551477
31,348.75,0.803817
