idx,ts [ms],Angle from ABI [°],Angle from SPI [°]                                             
0,0,359,165.080566                                                                            
1,10,0,165.322266                                                                             
2,20,0,165.124512                                                                             
3,30,0,165.585938                                                                             
4,40,0,165.322266                                                                             
5,50,0,165.234375                                                                             
6,60,0,165.454102                                                                             
7,70,0,165.322266                                                                             
8,80,0,165.454102                                                                             
9,90,0,165.541992                                                                             
10,100,358,163.542480                                                                         
11,110,358,164.223633                                                                         
12,120,358,163.520508                                                                         
13,130,358,164.003906                                                                         
14,140,358,163.828125                                                                         
15,150,358,163.740234                                                                         
16,160,358,163.674316                                                                         
17,170,358,163.981934                                                                         
18,180,358,163.806152                                                                         
19,190,358,163.586426                                                                         
20,200,358,163.586426                                                                         
21,210,358,163.520508                                                                         
22,220,358,164.003906                                                                         
23,230,358,163.608398                                                                         
24,240,358,163.981934                                                                         
25,250,358,163.872070                                                                         
26,260,358,164.135742                                                                         
27,270,358,164.025879                                                                         
28,280,358,163.959961                                                                         
29,290,358,163.740234                                                                         
30,300,358,164.113770                                                                         
31,310,358,164.267578                                                                         
32,320,358,163.850098                                                                         
33,330,358,163.894043                                                                         
34,340,358,164.113770                                                                         
35,350,358,163.652344                                                                         
36,360,358,163.740234                                                                         
37,370,358,163.498535                                                                         
38,380,358,163.740234                                                                         
39,390,358,163.586426                                                                         
40,400,358,163.520508                                                                         
41,410,358,163.696289                                                                         
42,420,358,163.696289                                                                         
43,430,358,163.762207                                                                         
44,440,358,163.784180                                                                         
45,450,358,163.652344                                                                         
46,460,358,164.003906                                                                         
47,470,358,163.586426                                                                         
48,480,358,164.069824                                                                         
49,490,358,163.454590                                                                         
50,500,358,163.959961                                                                         
51,510,358,163.718262                                                                         
52,520,358,163.762207                                                                         
53,530,358,164.091797                                                                         
54,540,358,163.498535                                                                         
55,550,358,164.069824                                                                         
56,560,358,163.520508                                                                         
57,570,358,164.003906                                                                         
58,580,358,163.806152                                                                         
59,590,358,163.784180                                                                         
60,600,358,163.916016                                                                         
61,610,358,163.674316                                                                         
62,620,358,163.696289                                                                         
63,630,358,163.828125                                                                         
64,640,358,163.872070                                                                         
65,650,358,164.333496                                                                         
66,660,359,164.377441                                                                         
67,670,359,164.509277                                                                         
68,680,359,165.058594                                                                         
69,690,0,165.234375                                                                           
70,700,0,165.981445                                                                           
71,710,1,166.530762                                                                           
72,720,1,167.299805                                                                           
73,730,2,168.112793                                                                           
74,740,4,169.365234                                                                           
75,750,5,170.332031                                                                           
76,760,6,171.672363                                                                           
77,770,7,172.419434                                                                           
78,780,7,173.012695                                                                           
79,790,9,174.309082                                                                           
80,800,10,176.176758                                                                          
81,810,12,177.780762                                                                          
82,820,14,179.912109                                                                          
83,830,16,181.494141                                                                          
84,840,18,183.120117                                                                          
85,850,20,184.899902                                                                          
86,860,22,187.734375                                                                          
87,870,24,189.514160                                                                          
88,880,28,192.810059                                                                          
89,890,30,195.468750                                                                          
90,900,34,198.786621                                                                          
91,910,36,200.654297                                                                          
92,920,39,204.411621                                                                          
93,930,43,207.312012                                                                          
94,940,47,212.255859                                                                          
95,950,48,213.332520                                                                          
96,960,55,219.594727                                                                          
97,970,57,221.879883                                                                          
98,980,62,226.516113                                                                          
99,990,66,229.965820                                                                          
100,1000,71,235.217285                                                                        
101,1010,74,237.612305                                                                        
102,1020,79,243.325195                                                                        
103,1030,81,244.841309                                                                        
104,1040,88,252.224121                                                                        
105,1050,90,253.718262                                                                        
106,1060,94,257.585449                                                                        
107,1070,99,262.155762                                                                        
108,1080,101,265.056152                                                                       
109,1090,105,268.615723                                                                       
110,1100,109,272.285156                                                                       
111,1110,113,275.866699                                                                       
112,1120,115,278.525391                                                                       
113,1130,120,282.810059                                                                       
114,1140,122,285.183105                                                                       
115,1150,126,288.830566                                                                       
116,1160,129,291.928711                                                                       
117,1170,131,294.060059                                                                       
118,1180,135,297.971191                                                                       
119,1190,137,300.080566                                                                       
120,1200,140,302.805176                                                                       
121,1210,142,304.892578                                                                       
122,1220,146,308.210449                                                                       
123,1230,147,309.550781                                                                       
124,1240,151,313.439941                                                                       
125,1250,152,314.802246                                                                       
126,1260,156,318.713379                                                                       
127,1270,158,319.943848                                                                       
128,1280,161,323.217773                                                                       
129,1290,163,324.975586                                                                       
130,1300,166,328.557129                                                                       
131,1310,168,330.095215                                                                       
132,1320,172,333.852539                                                                       
133,1330,175,336.467285                                                                       
134,1340,177,338.994141                                                                       
135,1350,181,343.146973                                                                       
136,1360,184,345.454102                                                                       
137,1370,188,349.211426                                                                       
138,1380,190,351.936035                                                                       
139,1390,195,355.935059                                                                       
140,1400,197,358.527832                                                                       
141,1410,204,4.877930                                                                         
142,1420,205,6.306152                                                                         
143,1430,214,14.392090                                                                        
144,1440,215,15.622559                                                                        
145,1450,222,23.181152                                                                        
146,1460,225,25.598145                                                                        
147,1470,233,33.771973                                                                        
148,1480,235,35.222168                                                                        
149,1490,245,44.956055                                                                        
150,1500,247,46.867676                                                                        
151,1510,256,56.469727                                                                        
152,1520,258,57.502441                                                                        
153,1530,267,66.599121                                                                        
154,1540,269,68.620605                                                                        
155,1550,277,76.223145                                                                        
156,1560,278,77.475586                                                                        
157,1570,287,85.583496                                                                        
158,1580,288,87.275391                                                                        
159,1590,294,93.120117                                                                        
160,1600,297,95.295410                                                                        
161,1610,302,100.612793                                                                       
162,1620,304,103.073730                                                                       
163,1630,308,106.918945                                                                       
164,1640,310,108.918457                                                                       
165,1650,314,112.236328                                                                       
166,1660,316,114.235840                                                                       
167,1670,319,116.916504                                                                       
168,1680,322,120.300293                                                                       
169,1690,323,121.772461                                                                       
170,1700,326,124.804688                                                                       
171,1710,329,127.001953                                                                       
172,1720,331,129.001465                                                                       
173,1730,333,130.737305                                                                       
174,1740,336,133.725586                                                                       
175,1750,337,135.329590                                                                       
176,1760,341,138.779297                                                                       
177,1770,342,140.185547                                                                       
178,1780,346,143.327637                                                                       
179,1790,347,144.887695                                                                       
180,1800,351,148.601074                                                                       
181,1810,352,149.348145                                                                       
182,1820,357,154.094238                                                                       
183,1830,358,155.412598                                                                       
184,1840,3,160.378418                                                                         
185,1850,5,162.202148                                                                         
186,1860,9,166.289062                                                                         
187,1870,10,167.673340                                                                        
188,1880,16,173.144531                                                                        
189,1890,18,174.968262                                                                        
190,1900,25,181.823730                                                                        
191,1910,26,183.010254                                                                        
192,1920,33,189.887695                                                                        
193,1930,38,194.765625                                                                        
194,1940,43,199.687500                                                                        
195,1950,47,203.071289                                                                        
196,1960,55,211.025391                                                                        
197,1970,59,214.650879                                                                        
198,1980,65,221.550293                                                                        
199,1990,71,226.274414                                                                        
200,2000,77,232.778320                                                                        
201,2010,82,237.634277                                                                        
202,2020,87,242.468262                                                                        
203,2030,92,247.653809                                                                        
204,2040,97,252.004395                                                                        
205,2050,101,255.959473                                                                       
206,2060,105,260.441895                                                                       
207,2070,110,265.319824                                                                       
208,2080,113,267.539062                                                                       
209,2090,118,272.416992                                                                       
210,2100,121,275.119629                                                                       
211,2110,125,279.580078                                                                       
212,2120,127,281.975098                                                                       
213,2130,132,285.996094                                                                       
214,2140,134,287.951660                                                                       
215,2150,138,292.324219                                                                       
216,2160,139,293.400879                                                                       
217,2170,144,298.388672                                                                       
218,2180,146,299.685059                                                                       
219,2190,149,303.068848                                                                       
220,2200,151,305.222168                                                                       
221,2210,154,308.430176                                                                       
222,2220,156,309.792480                                                                       
223,2230,160,313.088379                                                                       
224,2240,161,314.560547                                                                       
225,2250,164,318.098145                                                                       
226,2260,167,319.987793                                                                       
227,2270,169,322.844238                                                                       
228,2280,172,325.437012                                                                       
229,2290,175,328.095703                                                                       
230,2300,177,329.919434                                                                       
231,2310,180,333.171387                                                                       
232,2320,183,336.115723                                                                       
233,2330,186,338.664551                                                                       
234,2340,190,343.037109                                                                       
235,2350,192,345.234375                                                                       
236,2360,196,349.497070                                                                       
237,2370,199,351.540527                                                                       
238,2380,203,356.110840                                                                       
239,2390,205,358.220215                                                                       
240,2400,212,4.592285                                                                         
241,2410,213,5.800781                                                                         
242,2420,222,14.326172                                                                        
243,2430,223,15.358887                                                                        
244,2440,231,23.203125                                                                        
245,2450,233,25.070801                                                                        
246,2460,242,33.596191                                                                        
247,2470,244,35.485840                                                                        
248,2480,253,44.670410                                                                        
249,2490,255,46.538086                                                                        
250,2500,265,55.942383                                                                        
251,2510,266,57.150879                                                                        
252,2520,275,65.830078                                                                        
253,2530,278,68.796387                                                                        
254,2540,285,75.893555                                                                        
255,2550,287,77.497559                                                                        
256,2560,295,85.627441                                                                        
257,2570,296,86.660156                                                                        
258,2580,303,93.142090                                                                        
259,2590,305,95.295410                                                                        
260,2600,310,100.305176                                                                       
261,2610,312,102.458496                                                                       
262,2620,316,106.655273                                                                       
263,2630,319,108.918457                                                                       
264,2640,322,112.082520                                                                       
265,2650,324,114.213867                                                                       
266,2660,326,116.081543                                                                       
267,2670,330,119.311523                                                                       
268,2680,331,120.959473                                                                       
269,2690,334,123.134766                                                                       
270,2700,335,124.584961                                                                       
271,2710,338,128.056641                                                                       
272,2720,339,128.562012                                                                       
273,2730,342,131.000977                                                                       
274,2740,343,132.231445                                                                       
275,2750,345,134.230957                                                                       
276,2760,346,135.351562                                                                       
277,2770,348,137.504883                                                                       
278,2780,350,138.735352                                                                       
279,2790,351,140.449219                                                                       
280,2800,353,141.943359                                                                       
281,2810,355,143.679199                                                                       
282,2820,356,145.019531                                                                       
283,2830,358,147.128906                                                                       
284,2840,358,147.458496                                                                       
285,2850,1,149.743652                                                                         
286,2860,1,150.139160                                                                         
287,2870,4,152.731934                                                                         
288,2880,5,153.391113                                                                         
289,2890,6,155.017090                                                                         
290,2900,7,156.093750                                                                         
291,2910,9,157.697754                                                                         
292,2920,10,158.730469                                                                        
293,2930,11,160.356445                                                                        
294,2940,13,161.191406                                                                        
295,2950,14,162.685547                                                                        
296,2960,15,163.828125                                                                        
297,2970,16,164.619141                                                                        
298,2980,17,164.992676                                                                        
299,2990,18,166.486816                                                                        
300,3000,19,167.014160                                                                        
301,3010,20,168.288574                                                                        
302,3020,20,168.354492                                                                        
303,3030,22,170.134277                                                                        
304,3040,22,170.617676                                                                        
305,3050,23,171.386719                                                                        
306,3060,23,171.650391                                                                        
307,3070,24,172.089844                                                                        
308,3080,24,172.133789                                                                        
309,3090,24,172.617188                                                                        
310,3100,24,172.595215                                                                        
311,3110,24,172.946777                                                                        
312,3120,25,172.968750                                                                        
313,3130,25,172.858887                                                                        
314,3140,25,172.968750                                                                        
315,3150,25,172.968750                                                                        
316,3160,25,173.364258                                                                        
317,3170,25,172.946777                                                                        
318,3180,25,172.924805                                                                        
319,3190,25,173.012695                                                                        
320,3200,25,173.078613                                                                        
321,3210,25,172.727051                                                                        
322,3220,25,172.595215                                                                        
323,3230,24,172.463379                                                                        
324,3240,24,172.089844                                                                        
325,3250,24,171.848145                                                                        
326,3260,23,171.562500                                                                        
327,3270,23,171.188965                                                                        
328,3280,22,170.573730                                                                        
329,3290,21,169.475098                                                                        
330,3300,20,168.530273                                                                        
331,3310,19,167.497559                                                                        
332,3320,19,166.882324                                                                        
333,3330,18,165.849609                                                                        
334,3340,16,164.685059                                                                        
335,3350,16,164.069824                                                                        
336,3360,15,163.388672                                                                        
337,3370,14,162.421875                                                                        
338,3380,12,160.598145                                                                        
339,3390,11,159.455566                                                                        
340,3400,9,157.939453                                                                         
341,3410,8,156.313477                                                                         
342,3420,7,155.500488                                                                         
343,3430,5,154.138184                                                                         
344,3440,4,153.105469                                                                         
345,3450,3,151.677246                                                                         
346,3460,1,149.655762                                                                         
347,3470,0,148.469238                                                                         
348,3480,358,146.755371                                                                       
349,3490,358,146.557617                                                                       
350,3500,355,143.789062                                                                       
351,3510,354,142.470703                                                                       
352,3520,352,140.625000                                                                       
353,3530,351,139.833984                                                                       
354,3540,348,137.307129                                                                       
355,3550,347,136.669922                                                                       
356,3560,345,134.274902                                                                       
357,3570,344,133.154297                                                                       
358,3580,342,131.176758                                                                       
359,3590,340,129.265137                                                                       
360,3600,338,127.551270                                                                       
361,3610,337,126.672363                                                                       
362,3620,334,123.508301                                                                       
363,3630,333,122.145996                                                                       
364,3640,331,120.168457                                                                       
365,3650,327,117.136230                                                                       
366,3660,325,114.916992                                                                       
367,3670,323,112.697754                                                                       
368,3680,321,110.610352                                                                       
369,3690,317,106.875000                                                                       
370,3700,315,105.314941                                                                       
371,3710,309,99.470215                                                                        
372,3720,308,98.107910                                                                        
373,3730,302,91.713867                                                                        
374,3740,300,90.021973                                                                        
375,3750,294,84.638672                                                                        
376,3760,291,81.914062                                                                        
377,3770,284,74.399414                                                                        
378,3780,283,73.586426                                                                        
379,3790,274,64.379883                                                                        
380,3800,270,61.105957                                                                        
381,3810,265,55.744629                                                                        
382,3820,259,49.636230                                                                        
383,3830,254,44.868164                                                                        
384,3840,247,38.562012                                                                        
385,3850,242,33.178711                                                                        
386,3860,237,28.652344                                                                        
387,3870,232,23.225098                                                                        
388,3880,225,17.072754                                                                        
389,3890,223,14.809570                                                                        
390,3900,215,7.360840                                                                         
391,3910,213,4.965820                                                                         
392,3920,207,359.890137                                                                       
393,3930,205,356.989746                                                                       
394,3940,200,352.397461                                                                       
395,3950,199,351.057129                                                                       
396,3960,192,345.146484                                                                       
397,3970,192,344.729004                                                                       
398,3980,186,339.016113                                                                       
399,3990,185,337.851562                                                                       
400,4000,181,333.676758                                                                       
401,4010,179,331.677246                                                                       
402,4020,175,328.293457                                                                       
403,4030,174,326.997070                                                                       
404,4040,169,322.712402                                                                       
405,4050,168,321.701660                                                                       
406,4060,164,317.856445                                                                       
407,4070,163,316.208496                                                                       
408,4080,160,313.088379                                                                       
409,4090,158,311.330566                                                                       
410,4100,155,308.078613                                                                       
411,4110,153,306.892090                                                                       
412,4120,149,302.563477                                                                       
413,4130,147,301.398926                                                                       
414,4140,144,298.168945                                                                       
415,4150,141,295.070801                                                                       
416,4160,138,292.324219                                                                       
417,4170,136,290.214844                                                                       
418,4180,132,286.281738                                                                       
419,4190,129,283.557129                                                                       
420,4200,126,280.480957                                                                       
421,4210,122,276.350098                                                                       
422,4220,120,273.999023                                                                       
423,4230,113,268.264160                                                                       
424,4240,112,266.594238                                                                       
425,4250,106,260.903320                                                                       
426,4260,103,258.332520                                                                       
427,4270,97,252.399902                                                                        
428,4280,96,251.125488                                                                        
429,4290,86,241.699219                                                                        
430,4300,86,241.281738                                                                        
431,4310,76,231.174316                                                                        
432,4320,74,229.790039                                                                        
433,4330,65,220.913086                                                                        
434,4340,62,217.990723                                                                        
435,4350,54,209.926758                                                                        
436,4360,52,208.256836                                                                        
437,4370,43,198.764648                                                                        
438,4380,41,197.446289                                                                        
439,4390,33,189.470215                                                                        
440,4400,29,186.262207                                                                        
441,4410,24,180.769043                                                                        
442,4420,21,177.626953                                                                        
443,4430,16,172.990723                                                                        
444,4440,14,170.749512                                                                        
445,4450,9,165.871582                                                                         
446,4460,7,164.135742                                                                         
447,4470,3,160.356445                                                                         
448,4480,359,155.742188                                                                       
449,4490,357,154.489746                                                                       
450,4500,353,150.952148                                                                       
451,4510,351,148.645020                                                                       
452,4520,349,146.228027                                                                       
453,4530,346,143.789062                                                                       
454,4540,343,140.734863                                                                       
455,4550,342,139.328613                                                                       
456,4560,338,135.439453                                                                       
457,4570,337,134.340820                                                                       
458,4580,334,131.418457                                                                       
459,4590,332,129.770508                                                                       
460,4600,329,127.507324                                                                       
461,4610,328,126.166992                                                                       
462,4620,324,122.321777                                                                       
463,4630,324,121.530762                                                                       
464,4640,319,117.421875                                                                       
465,4650,318,115.861816                                                                       
466,4660,315,112.587891                                                                       
467,4670,313,110.764160                                                                       
468,4680,308,106.831055                                                                       
469,4690,307,105.908203                                                                       
470,4700,301,99.755859                                                                        
471,4710,300,98.635254                                                                        
472,4720,294,92.834473                                                                        
473,4730,291,89.780273                                                                        
474,4740,286,85.319824                                                                        
475,4750,282,81.628418                                                                        
476,4760,277,75.454102                                                                        
477,4770,273,72.641602                                                                        
478,4780,266,65.676270                                                                        
479,4790,261,60.490723                                                                        
480,4800,257,56.425781                                                                        
481,4810,250,50.295410                                                                        
482,4820,246,45.549316                                                                        
483,4830,238,38.474121                                                                        
484,4840,234,34.321289                                                                        
485,4850,228,28.520508                                                                        
486,4860,224,23.840332                                                                        
487,4870,217,17.072754                                                                        
488,4880,215,15.512695                                                                        
489,4890,206,7.492676                                                                         
490,4900,205,5.668945                                                                         
491,4910,199,359.780273                                                                       
492,4920,196,357.187500                                                                       
493,4930,191,352.309570                                                                       
494,4940,190,351.166992                                                                       
495,4950,184,345.388184                                                                       
496,4960,183,344.619141                                                                       
497,4970,178,338.862305                                                                       
498,4980,176,337.631836                                                                       
499,4990,172,334.050293                                                                       
500,5000,170,331.501465                                                                       
501,5010,167,328.557129                                                                       
502,5020,166,327.238770                                                                       
503,5030,161,322.690430                                                                       
504,5040,160,321.547852                                                                       
505,5050,156,317.988281                                                                       
506,5060,154,316.164551                                                                       
507,5070,151,313.066406                                                                       
508,5080,149,311.440430                                                                       
509,5090,146,308.122559                                                                       
510,5100,145,307.001953                                                                       
511,5110,140,302.739258                                                                       
512,5120,139,300.937500                                                                       
513,5130,136,298.410645                                                                       
514,5140,132,294.916992                                                                       
515,5150,130,292.851562                                                                       
516,5160,127,289.797363                                                                       
517,5170,123,286.062012                                                                       
518,5180,121,283.645020                                                                       
519,5190,118,280.437012                                                                       
520,5200,113,276.020508                                                                       
521,5210,111,274.438477                                                                       
522,5220,105,268.352051                                                                       
523,5230,104,267.363281                                                                       
524,5240,99,262.155762                                                                        
525,5250,97,260.903320                                                                        
526,5260,90,253.190918                                                                        
527,5270,90,253.718262                                                                        
528,5280,82,245.895996                                                                        
529,5290,80,243.632812                                                                        
530,5300,76,239.897461                                                                        
531,5310,72,235.942383                                                                        
532,5320,68,232.404785                                                                        
533,5330,63,227.438965                                                                        
534,5340,60,224.055176                                                                        
535,5350,56,220.429688                                                                        
536,5360,51,215.068359                                                                        
537,5370,48,212.299805                                                                        
538,5380,45,209.750977                                                                        
539,5390,41,206.169434                                                                        
540,5400,36,200.852051                                                                        
541,5410,34,199.467773                                                                        
542,5420,32,196.765137                                                                        
543,5430,30,194.589844                                                                        
544,5440,25,190.393066                                                                        
545,5450,24,188.723145                                                                        
546,5460,20,185.031738                                                                        
547,5470,19,184.614258                                                                        
548,5480,16,181.274414                                                                        
549,5490,16,181.274414                                                                        
550,5500,13,178.505859                                                                        
551,5510,12,177.275391                                                                        
552,5520,9,174.440918                                                                         
553,5530,9,173.979492                                                                         
554,5540,7,172.265625                                                                         
555,5550,7,172.001953                                                                         
556,5560,5,171.035156                                                                         
557,5570,5,170.485840                                                                         
558,5580,3,168.354492                                                                         
559,5590,2,168.068848                                                                         
560,5600,1,167.058105                                                                         
561,5610,1,166.750488                                                                         
562,5620,0,165.739746                                                                         
563,5630,0,165.124512                                                                         
564,5640,359,164.882812                                                                       
565,5650,359,164.311523                                                                       
566,5660,358,164.003906                                                                       
567,5670,358,163.872070                                                                       
568,5680,358,163.916016                                                                       
569,5690,358,163.564453                                                                       
570,5700,358,163.630371                                                                       
571,5710,358,163.718262                                                                       
572,5720,358,163.937988                                                                       
573,5730,358,163.674316                                                                       
574,5740,358,163.542480                                                                       
575,5750,358,163.828125                                                                       
576,5760,358,163.674316                                                                       
577,5770,358,163.696289                                                                       
578,5780,358,163.784180                                                                       
579,5790,358,163.608398                                                                       
580,5800,358,163.630371                                                                       
581,5810,358,163.828125                                                                       
582,5820,358,163.542480                                                                       
583,5830,358,163.608398                                                                       
584,5840,358,163.937988                                                                       
585,5850,358,164.135742                                                                       
586,5860,358,163.872070                                                                       
587,5870,358,163.981934                                                                       
588,5880,358,163.872070                                                                       
589,5890,358,163.850098                                                                       
590,5900,358,163.784180                                                                       
591,5910,358,163.674316                                                                       
592,5920,358,163.828125                                                                       
593,5930,358,163.916016                                                                       
594,5940,358,163.652344                                                                       
595,5950,358,163.740234                                                                       
596,5960,358,163.696289                                                                       
597,5970,358,163.806152                                                                       
598,5980,358,163.806152                                                                       
599,5990,358,163.740234                                                                       
600,6000,358,163.937988                                                                       
601,6010,358,163.959961                                                                       
602,6020,358,163.586426                                                                       
603,6030,358,163.696289                                                                       
604,6040,358,163.696289                                                                       
605,6050,358,163.696289                                                                       
606,6060,358,163.586426                                                                       
607,6070,358,163.674316                                                                       
608,6080,358,164.069824                                                                       
609,6090,358,163.740234                                                                       
610,6100,358,163.740234                                                                       
611,6110,358,163.586426                                                                       
612,6120,358,163.674316                                                                       
613,6130,358,163.630371                                                                       
614,6140,358,163.981934                                                                       
615,6150,358,163.872070                                                                       
616,6160,358,163.850098                                                                       
617,6170,358,163.850098                                                                       
618,6180,358,163.937988                                                                       
619,6190,358,163.916016                                                                       
620,6200,358,164.135742                                                                       
621,6210,358,163.564453                                                                       
622,6220,358,163.784180                                                                       
623,6230,358,163.696289                                                                       
624,6240,358,163.850098                                                                       
625,6250,358,163.718262                                                                       
626,6260,358,163.872070                                                                       
627,6270,358,163.608398                                                                       
628,6280,358,163.850098                                                                       
629,6290,358,163.959961                                                                       
630,6300,358,163.916016                                                                       
631,6310,358,164.135742                                                                       
632,6320,358,164.223633                                                                       
633,6330,358,163.981934                                                                       
634,6340,358,163.894043                                                                       
635,6350,358,163.564453                                                                       
636,6360,358,163.872070                                                                       
637,6370,358,163.828125                                                                       
638,6380,358,164.003906                                                                       
639,6390,358,163.784180                                                                       
640,6400,358,163.674316                                                                       
641,6410,358,164.091797                                                                       
642,6420,358,163.916016                                                                       
643,6430,358,163.806152                                                                       
644,6440,359,164.509277                                                                       
645,6450,359,164.619141                                                                       
646,6460,359,164.553223                                                                       
647,6470,359,164.707031                                                                       
648,6480,359,164.838867                                                                       
649,6490,359,164.729004                                                                       
650,6500,359,164.377441                                                                       
651,6510,359,164.575195                                                                       
652,6520,359,164.487305                                                                       
653,6530,359,164.465332                                                                       
654,6540,359,164.794922                                                                       
655,6550,359,164.575195                                                                       
656,6560,359,164.816895                                                                       
657,6570,359,164.553223                                                                       
658,6580,359,164.619141                                                                       
659,6590,359,164.487305                                                                       
660,6600,359,164.685059                                                                       
661,6610,359,164.750977                                                                       
662,6620,359,164.531250                                                                       
663,6630,359,164.816895                                                                       
664,6640,359,164.663086                                                                       
665,6650,359,164.575195                                                                       
666,6660,359,164.575195                                                                       
667,6670,359,164.750977                                                                       
668,6680,359,164.641113                                                                       
669,6690,359,164.465332                                                                       
670,6700,359,164.816895                                                                       
671,6710,359,164.443359                                                                       
672,6720,359,164.575195                                                                       
673,6730,359,164.597168                                                                       
674,6740,359,164.707031                                                                       
675,6750,359,164.553223                                                                       
676,6760,359,164.575195                                                                       
677,6770,359,164.685059                                                                       
678,6780,359,164.816895                                                                       
679,6790,359,164.487305                                                                       
680,6800,359,164.377441                                                                       
681,6810,359,164.311523                                                                       
682,6820,359,164.707031                                                                       
683,6830,359,164.267578                                                                       
684,6840,359,164.663086                                                                       
685,6850,359,164.465332                                                                       
686,6860,359,164.421387                                                                       
687,6870,359,164.685059                                                                       
688,6880,359,164.619141                                                                       
689,6890,359,164.531250                                                                       
690,6900,359,164.399414                                                                       
691,6910,359,164.355469                                                                       
692,6920,359,164.729004                                                                       
693,6930,359,164.509277                                                                       
694,6940,359,164.487305                                                                       
695,6950,359,164.531250                                                                       
696,6960,359,164.289551                                                                       
697,6970,359,164.619141                                                                       
698,6980,359,164.377441                                                                       
699,6990,359,164.465332                                                                       
700,7000,359,164.443359                                                                       
701,7010,359,164.597168                                                                       
702,7020,359,164.377441                                                                       
703,7030,359,164.597168                                                                       
704,7040,359,164.816895                                                                       
705,7050,359,164.267578                                                                       
706,7060,359,164.663086                                                                       
707,7070,359,164.465332                                                                       
708,7080,359,164.816895                                                                       
709,7090,359,164.267578                                                                       
710,7100,359,164.465332                                                                       
711,7110,359,164.553223                                                                       
712,7120,359,164.553223                                                                       
713,7130,359,164.882812                                                                       
714,7140,359,164.531250                                                                       
715,7150,359,164.487305                                                                       
716,7160,359,164.465332                                                                       
717,7170,359,164.421387                                                                       
718,7180,359,164.816895                                                                       
719,7190,359,164.904785                                                                       
720,7200,359,164.707031                                                                       
721,7210,359,164.750977                                                                       
722,7220,359,164.245605                                                                       
723,7230,359,164.443359                                                                       
724,7240,359,164.487305                                                                       
725,7250,359,164.729004                                                                       
726,7260,359,164.487305                                                                       
727,7270,359,164.597168                                                                       
728,7280,359,164.421387                                                                       
729,7290,359,164.816895                                                                       
730,7300,359,164.443359                                                                       
731,7310,359,164.553223                                                                       
732,7320,359,164.816895                                                                       
733,7330,359,164.487305                                                                       
734,7340,359,164.772949                                                                       
735,7350,359,164.333496                                                                       
736,7360,359,164.838867                                                                       
737,7370,359,164.289551                                                                       
738,7380,359,164.729004                                                                       
739,7390,359,164.487305                                                                       
740,7400,359,164.487305                                                                       
741,7410,359,164.531250                                                                       
742,7420,359,164.641113                                                                       
743,7430,359,164.882812                                                                       
744,7440,359,164.619141                                                                       
745,7450,359,164.619141                                                                       
746,7460,359,164.509277                                                                       
747,7470,359,164.838867                                                                       
748,7480,359,164.750977                                                                       
749,7490,359,164.597168                                                                       
750,7500,358,164.641113                                                                       
751,7510,359,164.772949                                                                       
752,7520,359,164.553223                                                                       
753,7530,359,164.794922                                                                       
754,7540,359,164.487305                                                                       
755,7550,359,164.794922                                                                       
756,7560,359,164.597168                                                                       
757,7570,359,164.619141                                                                       
758,7580,359,164.641113                                                                       
759,7590,359,164.531250                                                                       
760,7600,359,164.575195                                                                       
761,7610,359,164.531250                                                                       
762,7620,359,164.948730                                                                       
763,7630,359,164.443359                                                                       
764,7640,359,164.509277                                                                       
765,7650,359,164.575195                                                                       
766,7660,359,164.641113                                                                       
767,7670,359,164.750977                                                                       
768,7680,359,164.487305                                                                       
769,7690,359,164.443359                                                                       
770,7700,359,164.465332                                                                       
771,7710,359,164.465332                                                                       
772,7720,359,164.663086                                                                       
773,7730,359,164.597168                                                                       
774,7740,359,164.816895                                                                       
775,7750,359,164.399414                                                                       
776,7760,359,164.707031                                                                       
777,7770,359,164.794922                                                                       
778,7780,359,164.487305                                                                       
779,7790,359,164.707031                                                                       
780,7800,359,164.641113                                                                       
781,7810,359,164.619141                                                                       
782,7820,359,164.377441                                                                       
783,7830,359,164.619141                                                                       
784,7840,359,164.201660                                                                       
785,7850,359,164.399414                                                                       
786,7860,359,164.531250                                                                       
787,7870,359,164.729004                                                                       
788,7880,359,164.794922                                                                       
789,7890,359,164.289551                                                                       
790,7900,359,164.487305                                                                       
791,7910,359,164.421387                                                                       
792,7920,359,164.509277                                                                       
793,7930,359,164.619141                                                                       
794,7940,359,164.553223                                                                       
795,7950,359,164.509277                                                                       
796,7960,359,164.707031                                                                       
797,7970,359,164.750977                                                                       
798,7980,359,164.465332                                                                       
799,7990,359,164.838867                                                                       
800,8000,359,164.553223                                                                       
801,8010,359,164.575195                                                                       
802,8020,359,164.619141                                                                       
803,8030,359,164.816895                                                                       
804,8040,359,164.663086                                                                       
805,8050,359,164.729004                                                                       
806,8060,359,164.509277                                                                       
807,8070,359,164.421387                                                                       
808,8080,359,164.619141                                                                       
809,8090,359,164.421387                                                                       
810,8100,359,164.487305                                                                       
811,8110,359,164.487305                                                                       
812,8120,359,164.685059                                                                       
813,8130,359,164.465332                                                                       
814,8140,359,164.707031                                                                       
815,8150,359,164.553223                                                                       
816,8160,359,164.509277                                                                       
817,8170,359,164.707031                                                                       
818,8180,359,164.355469                                                                       
819,8190,359,164.421387                                                                       
820,8200,359,164.509277                                                                       
821,8210,359,164.707031                                                                       
822,8220,359,164.201660                                                                       
823,8230,359,164.201660                                                                       
824,8240,359,164.992676                                                                       
825,8250,359,164.750977                                                                       
826,8260,359,164.794922                                                                       
827,8270,359,164.465332                                                                       
828,8280,359,164.619141                                                                       
829,8290,359,164.860840                                                                       
830,8300,359,164.509277                                                                       
831,8310,359,164.553223                                                                       
832,8320,359,164.421387                                                                       
833,8330,359,164.597168                                                                       
834,8340,358,164.047852                                                                       
835,8350,359,164.575195                                                                       
836,8360,359,164.487305                                                                       
837,8370,359,164.531250                                                                       
838,8380,359,164.772949                                                                       
839,8390,359,164.948730                                                                       
840,8400,359,164.641113                                                                       
841,8410,359,164.509277                                                                       
842,8420,359,164.750977                                                                       
843,8430,359,164.531250                                                                       
844,8440,359,164.663086                                                                       
845,8450,359,164.685059                                                                       
846,8460,359,164.311523                                                                       
847,8470,359,164.772949                                                                       
848,8480,359,164.487305                                                                       
849,8490,359,164.377441                                                                       
850,8500,359,164.597168                                                                       
851,8510,358,164.575195                                                                       
852,8520,359,164.597168                                                                       
853,8530,359,164.750977                                                                       
854,8540,359,164.641113                                                                       
855,8550,359,164.421387                                                                       
856,8560,359,164.575195                                                                       
857,8570,359,164.685059                                                                       
858,8580,359,164.663086                                                                       
859,8590,359,164.575195                                                                       
860,8600,359,164.575195                                                                       
861,8610,359,164.553223                                                                       
862,8620,359,164.509277                                                                       
863,8630,359,164.509277                                                                       
864,8640,359,164.685059                                                                       
865,8650,359,164.663086                                                                       
866,8660,359,164.399414                                                                       
867,8670,359,164.597168                                                                       
868,8680,359,164.509277                                                                       
869,8690,359,164.597168                                                                       
870,8700,359,164.487305                                                                       
871,8710,359,164.729004                                                                       
872,8720,359,164.465332                                                                       
873,8730,359,164.838867                                                                       
874,8740,359,164.377441                                                                       
875,8750,359,164.487305                                                                       
876,8760,359,164.860840                                                                       
877,8770,359,164.421387                                                                       
878,8780,359,164.772949                                                                       
879,8790,359,164.619141                                                                       
880,8800,359,164.685059                                                                       
881,8810,359,164.421387                                                                       
882,8820,359,164.487305                                                                       
883,8830,359,164.355469                                                                       
884,8840,359,164.245605                                                                       
885,8850,359,164.597168                                                                       
886,8860,359,164.553223                                                                       
887,8870,359,164.597168                                                                       
888,8880,359,164.685059                                                                       
889,8890,359,164.355469                                                                       
890,8900,359,165.014648                                                                       
891,8910,359,164.443359                                                                       
892,8920,359,164.509277                                                                       
893,8930,359,164.575195                                                                       
894,8940,359,164.641113                                                                       
895,8950,359,164.531250                                                                       
896,8960,359,164.443359                                                                       
897,8970,359,164.707031                                                                       
898,8980,359,164.311523                                                                       
899,8990,359,164.509277                                                                       
900,9000,359,164.311523                                                                       
901,9010,359,164.663086                                                                       
902,9020,359,164.399414                                                                       
903,9030,359,164.531250                                                                       
904,9040,359,164.509277                                                                       
905,9050,359,164.465332                                                                       
906,9060,359,164.553223                                                                       
907,9070,359,164.267578                                                                       
908,9080,359,164.531250                                                                       
909,9090,359,164.860840                                                                       
910,9100,359,164.663086                                                                       
911,9110,359,164.421387                                                                       
912,9120,359,164.311523                                                                       
913,9130,359,164.245605                                                                       
914,9140,359,164.421387                                                                       
915,9150,359,164.685059                                                                       
916,9160,359,164.399414                                                                       
917,9170,359,164.597168                                                                       
918,9180,359,164.465332                                                                       
919,9190,359,164.685059                                                                       
920,9200,359,164.575195                                                                       
921,9210,359,164.509277                                                                       
922,9220,359,164.641113                                                                       
923,9230,359,164.421387                                                                       
924,9240,359,164.685059                                                                       
925,9250,359,164.575195                                                                       
926,9260,359,164.465332                                                                       
927,9270,359,164.333496                                                                       
928,9280,359,164.641113                                                                       
929,9290,359,164.838867                                                                       
930,9300,359,164.707031                                                                       
931,9310,359,164.289551                                                                       
932,9320,359,164.619141                                                                       
933,9330,359,164.245605                                                                       
934,9340,359,164.663086                                                                       
935,9350,359,164.794922                                                                       
936,9360,359,164.355469                                                                       
937,9370,359,164.685059                                                                       
938,9380,359,164.882812                                                                       
939,9390,359,164.377441                                                                       
940,9400,359,164.597168                                                                       
941,9410,359,164.685059                                                                       
942,9420,359,164.553223                                                                       
943,9430,359,164.685059                                                                       
944,9440,359,164.421387                                                                       
945,9450,359,164.487305                                                                       
946,9460,359,164.663086                                                                       
947,9470,359,164.663086                                                                       
948,9480,359,164.597168                                                                       
949,9490,359,164.487305                                                                       
950,9500,359,164.772949                                                                       
951,9510,359,164.355469                                                                       
952,9520,359,164.860840                                                                       
953,9530,359,164.465332                                                                       
954,9540,359,164.729004                                                                       
955,9550,359,164.179688                                                                       
956,9560,359,164.487305                                                                       
957,9570,359,164.311523                                                                       
958,9580,359,164.685059                                                                       
959,9590,359,164.421387                                                                       
960,9600,359,164.729004                                                                       
961,9610,359,164.750977                                                                       
962,9620,359,164.509277                                                                       
963,9630,359,164.509277                                                                       
964,9640,359,164.531250                                                                       
965,9650,359,164.531250                                                                       
966,9660,359,164.333496                                                                       
967,9670,359,164.421387                                                                       
968,9680,359,164.794922                                                                       
969,9690,359,164.663086                                                                       
970,9700,359,164.750977                                                                       
971,9710,359,164.707031                                                                       
972,9720,359,164.816895                                                                       
973,9730,359,164.421387                                                                       
974,9740,359,164.597168                                                                       
975,9750,359,164.641113                                                                       
976,9760,359,164.904785                                                                       
977,9770,359,164.443359                                                                       
978,9780,359,164.707031                                                                       
979,9790,359,164.926758                                                                       
980,9800,359,164.509277                                                                       
981,9810,359,164.838867                                                                       
982,9820,359,164.838867                                                                       
983,9830,359,164.509277                                                                       
984,9840,359,164.597168                                                                       
985,9850,359,164.641113                                                                       
986,9860,359,164.707031                                                                       
987,9870,359,164.838867                                                                       
988,9880,359,164.575195                                                                       
989,9890,359,164.025879                                                                       
990,9900,359,164.399414                                                                       
991,9910,359,164.355469                                                                       
992,9920,359,164.553223                                                                       
993,9930,359,164.487305                                                                       
994,9940,359,164.509277                                                                       
995,9950,359,164.333496                                                                       
996,9960,359,164.443359                                                                       
997,9970,359,164.685059                                                                       
998,9980,359,164.289551                                                                       
999,9990,359,164.619141                                                                       
1000,10000,359,164.487305                                                                     
1001,10010,359,164.597168                                                                     
1002,10020,359,164.619141                                                                     
1003,10030,359,164.553223                                                                     
1004,10040,359,164.926758                                                                     
1005,10050,359,164.663086                                                                     
1006,10060,359,164.685059                                                                     
1007,10070,359,164.575195                                                                     
1008,10080,359,164.619141                                                                     
1009,10090,359,164.333496                                                                     
1010,10100,359,164.729004                                                                     
1011,10110,359,164.553223                                                                     
1012,10120,359,164.597168                                                                     
1013,10130,359,164.531250                                                                     
1014,10140,359,164.926758                                                                     
1015,10150,359,164.597168                                                                     
1016,10160,359,165.014648                                                                     
1017,10170,359,164.311523                                                                     
1018,10180,359,164.772949                                                                     
1019,10190,359,164.729004                                                                     
1020,10200,359,164.685059                                                                     
1021,10210,359,164.794922                                                                     
1022,10220,359,164.575195                                                                     
1023,10230,359,164.750977                                                                     
1024,10240,359,164.443359                                                                     
1025,10250,359,164.575195                                                                     
1026,10260,359,164.575195                                                                     
1027,10270,359,164.685059                                                                     
1028,10280,359,164.465332                                                                     
1029,10290,359,164.772949                                                                     
1030,10300,359,164.641113                                                                     
1031,10310,359,164.597168                                                                     
1032,10320,359,164.707031                                                                     
1033,10330,359,164.531250                                                                     
1034,10340,359,164.333496                                                                     
1035,10350,359,164.816895                                                                     
1036,10360,359,164.531250                                                                     
1037,10370,359,164.904785                                                                     
1038,10380,359,164.641113                                                                     
1039,10390,359,164.487305  